id,empname,citi,sallary,joining date,country,mobile num,department
1,Myra Roy,West Jennifer,88204,2018-11-16,Palestinian Territory,001-559-511-8816x65703,HR
2,Diya Mishra,Michaelville,87743,2022-09-01,Niger,434.472.2970x65583,IT
3,Diya Das,North Jason,146840,2016-12-18,Russian Federation,+1-008-156-7106x69318,IT
4,Aarohi Yadav,Turnermouth,146893,2023-03-21,Afghanistan,4217614165,Accounts
5,Aadhya Patel,Peterbury,100695,2018-01-26,Djibouti,821.076.1082,IT
6,Ayaan Mehta,South Terrichester,148191,2024-05-12,Zimbabwe,(771)392-9989,HR
7,Aadhya Yadav,Perezville,69994,2025-01-03,Uganda,5292766221,HR
8,Vihaan Mishra,Thorntonton,112128,2023-09-16,Equatorial Guinea,839.668.2262x613,HR
9,Arjun Das,Port Denisestad,65686,2024-04-26,Iceland,001-401-198-8777x8306,Accounts
10,Aarav Reddy,New Jesustown,148887,2020-04-02,Rwanda,944-839-7842x119,Accounts
11,Aditya Verma,Port Alexanderborough,105828,2016-10-03,Bahamas,(219)211-7861,Accounts
12,Arjun Mishra,Frankmouth,128439,2019-11-17,Ireland,001-620-101-4171,Accounts
13,Vihaan Verma,Holmesshire,67938,2017-11-08,Yemen,001-506-380-4360x654,Accounts
14,Ira Agarwal,Johnborough,78402,2024-07-29,Israel,(302)868-1232x6176,HR
15,Vivaan Gupta,Nortonshire,67385,2015-07-11,Burundi,415.586.6944,IT
16,Ishaan Roy,Johnsonbury,66756,2020-09-14,United States of America,348-142-8272,HR
17,Aadhya Rao,Port Marissa,95777,2019-03-08,Japan,+1-077-933-3422,IT
18,Ishaan Agarwal,North Richardchester,147655,2017-10-06,Saint Helena,681.426.5826,Accounts
19,Saanvi Gupta,South Justinbury,134675,2022-11-27,Martinique,001-555-444-6581x0365,IT
20,Sai Yadav,Kristiberg,65442,2023-09-05,Guatemala,001-297-715-9281,IT
21,Vivaan Verma,Haydenstad,111258,2017-05-29,Zimbabwe,406.071.1778x059,Accounts
22,Arjun Chopra,Nancystad,82937,2015-07-05,Algeria,(123)890-1772x083,IT
23,Krishna Gupta,West Erinville,130053,2017-09-22,French Polynesia,848.032.0183x404,Accounts
24,Saanvi Naik,Ericchester,120803,2019-07-12,Syrian Arab Republic,(212)633-2901x935,IT
25,Vivaan Reddy,Lunaview,98157,2017-03-25,Norway,476.665.5243,HR
26,Aditya Kumar,West Bryanmouth,84109,2018-08-03,Ecuador,123.050.6586,IT
27,Avni Kumar,West Aaron,48963,2017-01-06,French Guiana,001-022-922-2439x770,IT
28,Myra Patel,Richardfort,111366,2022-10-16,Philippines,481.190.1764x2752,HR
29,Anaya Jain,Danielhaven,52340,2017-04-22,Kenya,170-748-4437,Accounts
30,Krishna Yadav,Lindaberg,123406,2025-04-11,Saint Helena,(694)640-8671,Accounts
31,Reyansh Nair,North Harry,103907,2021-01-25,Turks and Caicos Islands,390.839.9648x5838,IT
32,Diya Sharma,South Kathrynton,35595,2017-10-22,Micronesia,8522271836,IT
33,Avni Roy,East Stacyfort,53033,2023-09-03,Slovakia (Slovak Republic),001-117-636-0606x1715,Accounts
34,Arjun Gupta,East Ericbury,66356,2017-12-02,China,+1-779-660-3974x11955,HR
35,Ishaan Singh,Seanton,88408,2018-02-12,Guam,+1-788-988-9702x778,HR
36,Aarav Kumar,North Joel,92975,2018-10-20,Norfolk Island,673.174.5682,Accounts
37,Myra Singh,Lake Melissastad,77566,2016-06-07,Zimbabwe,776.305.2872,HR
38,Avni Singh,Jonathantown,72215,2017-10-28,Holy See (Vatican City State),(321)969-5275x199,Accounts
39,Diya Mehta,Port Amy,138496,2020-03-21,Martinique,001-334-847-9927x172,HR
40,Aarohi Agarwal,Taylorbury,41509,2024-07-14,Djibouti,4254704303,IT
41,Aditya Roy,Lake Laurenstad,115743,2020-08-26,South Georgia and the South Sandwich Islands,470.163.0913x5907,IT
42,Reyansh Gupta,Lisafort,131810,2021-09-17,Bermuda,+1-746-968-8243x24905,IT
43,Meera Sharma,Lake Jonathan,115595,2016-05-22,Wallis and Futuna,6598510361,Accounts
44,Ishaan Patel,Tylerland,81604,2018-08-27,Saint Kitts and Nevis,001-250-518-6722x2952,IT
45,Avni Gupta,Stewartside,61650,2020-04-26,Bahamas,663-931-5265x01158,HR
46,Vivaan Joshi,Lake Brookehaven,145077,2019-04-30,Faroe Islands,162.077.8068,Accounts
47,Arjun Gupta,Wallaceview,75764,2019-11-18,Libyan Arab Jamahiriya,8435751853,HR
48,Ayaan Singh,Port Kayla,125038,2022-11-13,American Samoa,(128)284-9205,IT
49,Aadhya Verma,Sandovalhaven,121323,2016-03-07,Madagascar,261.040.3974,IT
50,Avni Kapoor,East Brookeview,32718,2021-10-04,Cape Verde,+1-774-688-7074x70542,HR
51,Aadhya Singh,East Haleyside,105698,2017-10-15,Macedonia,(877)335-8176x79357,Accounts
52,Myra Das,New Travis,145023,2018-08-03,San Marino,9551062126,Accounts
53,Anaya Chopra,East Maria,52912,2016-08-11,France,046-067-4490,HR
54,Diya Sharma,Annmouth,42592,2023-04-24,Singapore,001-878-798-4301x50760,Accounts
55,Ayaan Chopra,Erikaton,82554,2019-04-07,Maldives,786.206.9579x8993,IT
56,Aditya Mehta,West Terrancemouth,60355,2017-08-15,Bulgaria,(831)120-6328,HR
57,Ishaan Yadav,North Amandastad,73337,2015-10-15,Burkina Faso,+1-574-954-9355x864,Accounts
58,Sai Agarwal,Bellmouth,57734,2022-09-04,Martinique,(705)484-7936x08787,Accounts
59,Aadhya Reddy,Josebury,132050,2021-01-02,French Polynesia,+1-145-453-8136,IT
60,Vihaan Agarwal,New Dustin,104373,2020-11-10,Latvia,977.149.2949x207,IT
61,Saanvi Agarwal,East Karenmouth,57941,2018-06-26,Togo,(337)542-7392x715,HR
62,Aarav Agarwal,West Gary,36182,2016-11-03,Tajikistan,001-760-913-4222,HR
63,Aarohi Mehta,Angelaland,66436,2020-06-24,Bermuda,001-574-960-6686x386,Accounts
64,Anaya Reddy,Lake Jennifer,119046,2016-04-16,Monaco,(363)525-4744x5346,HR
65,Arjun Patel,Paulshire,117238,2024-10-20,Reunion,296.449.0558x48655,IT
66,Vivaan Agarwal,New Allisonstad,40260,2019-07-23,Armenia,036.375.5889x92833,Accounts
67,Avni Mehta,West James,57737,2019-02-28,Vanuatu,5745148173,Accounts
68,Sai Verma,Kaylachester,148227,2017-04-30,United Kingdom,+1-939-480-3180x900,Accounts
69,Ira Mishra,Lake Judith,118862,2020-02-15,Liberia,530-453-3273x023,IT
70,Myra Rao,South Jonview,42267,2024-06-23,Togo,001-386-351-5556,Accounts
71,Ayaan Mishra,South Amymouth,33175,2024-02-21,Indonesia,701-102-3602x5237,HR
72,Reyansh Reddy,New Ericburgh,121351,2023-02-18,Guatemala,467-818-6974x0385,Accounts
73,Vihaan Jain,North Patriciamouth,84064,2021-07-15,Lesotho,172.109.0007,HR
74,Anaya Verma,Christinaburgh,59943,2025-02-11,Switzerland,+1-446-183-5063x44834,Accounts
75,Avni Chopra,North Angelaberg,138261,2018-10-30,Estonia,127.478.4438x275,HR
76,Reyansh Rao,East Jonathanland,82099,2018-03-24,Gambia,990-284-4945x4778,Accounts
77,Avni Yadav,East Valerie,124297,2015-07-14,Zimbabwe,+1-973-876-5992x178,Accounts
78,Aadhya Kumar,Port Nicholas,69923,2019-11-28,Cook Islands,(246)016-5603x4553,Accounts
79,Anaya Kumar,Rasmussenton,62630,2020-07-28,Lao People's Democratic Republic,(880)370-4976,Accounts
80,Myra Rao,New Danielle,121604,2017-07-30,Mongolia,001-454-648-9250x6388,HR
81,Anaya Jain,South Benjamin,82090,2024-03-05,Saudi Arabia,+1-883-729-8272x2067,Accounts
82,Reyansh Mehta,Fordside,102656,2024-12-09,Jersey,9544295565,HR
83,Vivaan Joshi,Sextonside,30459,2016-10-30,Malta,658.082.5345x743,IT
84,Aarohi Agarwal,Brownport,106911,2024-09-18,Korea,+1-293-305-4985x667,IT
85,Avni Das,New Frederick,31603,2021-04-10,Tunisia,4077521400,HR
86,Meera Das,Montesburgh,110695,2021-05-10,France,001-222-160-5620,IT
87,Anika Kumar,North Levifurt,53618,2015-08-13,Morocco,001-959-451-5632,HR
88,Krishna Verma,Rogersburgh,52121,2020-07-07,Gabon,932.266.1963,IT
89,Ishaan Sharma,Port Adamhaven,80331,2024-07-17,Tunisia,788.388.3718x82329,IT
90,Aadhya Agarwal,East Deannamouth,141428,2019-09-03,Guyana,9707845565,HR
91,Vivaan Gupta,Johnsonstad,84849,2016-07-08,Heard Island and McDonald Islands,907.551.5816x65555,Accounts
92,Anika Sharma,South James,145839,2021-03-04,Korea,209-804-9625x117,IT
93,Ayaan Nair,Leeton,81819,2022-10-09,Australia,(622)151-2050,Accounts
94,Ayaan Kapoor,Port Sonya,101874,2022-11-20,Palau,888-755-8069,HR
95,Myra Nair,Lake Edward,82328,2020-08-21,Russian Federation,251.937.7877x1060,HR
96,Vihaan Kumar,Heatherland,130322,2018-08-25,Sierra Leone,+1-746-412-3243x129,Accounts
97,Anaya Naik,Port Nancyville,102344,2016-11-25,Slovakia (Slovak Republic),(350)062-9795,HR
98,Ishaan Verma,Palmerborough,69683,2023-02-16,Sudan,(271)093-0455x1613,HR
99,Ishaan Chopra,Lake Brent,138069,2022-10-19,Holy See (Vatican City State),812.789.0517,IT
100,Aarohi Rao,Teresamouth,42402,2024-01-28,Greece,325.055.8473x262,HR
